<?xml version="1.0" encoding="UTF-8"?>
<addon id="plugin.video.live.latinchannelv2.tv" version="1.0.1" name="LATINCHANNEL-V2" provider-name="NARUSUKE">
<requires>
  <import addon="xbmc.python" version="2.19.0"/>
  <import addon="script.module.requests" version="2.7.0"/>
</requires>
<extension point="xbmc.python.pluginsource" library="main.py">
  <provides>video</provides>
</extension>
<extension point="xbmc.addon.metadata">
  <platform>all</platform>
  <summary lang="en">Disfruta El Contenido De Latinchannel.tv en tu reproductor KODI</summary>
  <description lang="en">Disfruta El Contenido De Latinchannel.tv en tu reproductor KODI</description>
  <disclaimer lang="en">Plugin by Narusuke</disclaimer>
</extension>
<extension point="xbmc.addon.repository">
    <info>http://latinchannel.tv/addons.xml</info>
    <checksum>http://latinchannel.tv/addons.xml.md5</checksum>
    <datadir>http://latinchannel.tv/</datadir>
  </extension>
</addon>